,Fitness,Nr. steps,Generation,ID,Reached goal,Round nr.
0,0.027071556712735624,6999,1,45,False,0
1,0.04325398698483402,6999,2,7,False,0
2,0.049840763926806246,4170,1,10,False,1
3,0.054296530345383676,4968,2,69,False,1
4,0.04974139521864808,2585,1,13,False,2
5,0.054318954353680136,5791,2,65,False,2
